"mod","aics","bics","lrts"
1,6372.67579695733,6503.84053983604,0.0677725383423012